{"stats":{"minecraft:picked_up":{"pixelmon:poke_ball":4,"pixelmon:x_attack":1,"pixelmon:fossil_display":1,"pixelmon:hyper_potion":1,"minecraft:hay_block":9,"pixelmon:potion":4},"minecraft:mined":{"minecraft:hay_block":9},"minecraft:used":{"minecraft:hay_block":1},"minecraft:custom":{"minecraft:jump":165,"minecraft:time_since_rest":7902,"minecraft:crouch_one_cm":562,"minecraft:play_one_minute":7902,"minecraft:damage_taken":70,"minecraft:sprint_one_cm":42877,"minecraft:time_since_death":7902,"minecraft:walk_one_cm":16232,"minecraft:sneak_time":133,"minecraft:climb_one_cm":106,"minecraft:eat_cake_slice":2,"minecraft:fall_one_cm":6725,"minecraft:fly_one_cm":37871,"minecraft:open_chest":11,"minecraft:open_barrel":13}},"DataVersion":2586}