{"stats":{"minecraft:picked_up":{"pixelmon:curry_leek":1,"pixelmon:hyper_potion":1,"pixelmon:pretty_feather":1,"pixelmon:blue_cash_register":1,"pixelmon:film":1,"pixelmon:poke_ball":1,"minecraft:map":1,"pixelmon:blue_apricorn":1,"minecraft:item_frame":2,"minecraft:zombie_head":1,"pixelmon:green_poke_bag":1,"minecraft:painting":1,"minecraft:bread":1,"pixelmon:fossil_display":1},"minecraft:dropped":{"pixelmon:film":1,"pixelmon:potion":4,"pixelmon:hyper_potion":1,"pixelmon:poke_ball":4,"pixelmon:pretty_feather":1,"pixelmon:x_attack":1},"minecraft:mined":{"pixelmon:berry_leaves_rawst":1,"minecraft:peony":1,"minecraft:grass":1,"minecraft:zombie_head":1,"pixelmon:blue_cash_register":1},"minecraft:used":{"minecraft:apple":2,"minecraft:map":1,"pixelmon:blue_cash_register":1,"minecraft:stone":2,"pixelmon:fossil_display":1,"minecraft:item_frame":1,"minecraft:painting":1,"pixelmon:tumblestone":1},"minecraft:custom":{"minecraft:time_since_rest":14483,"minecraft:sprint_one_cm":24684,"minecraft:damage_taken":100,"minecraft:walk_one_cm":21599,"minecraft:interact_with_anvil":1,"minecraft:drop":7,"minecraft:fly_one_cm":36365,"minecraft:open_barrel":12,"minecraft:open_chest":9,"minecraft:crouch_one_cm":405,"minecraft:play_one_minute":14483,"minecraft:sneak_time":162,"minecraft:interact_with_lectern":1,"minecraft:jump":169,"minecraft:eat_cake_slice":3,"minecraft:time_since_death":14483,"minecraft:climb_one_cm":660,"minecraft:fall_one_cm":5007}},"DataVersion":2586}