{
  "pixelmon:recipes/pokeball/base/wooden_base": {
    "criteria": {
      "has_slab": "2024-07-28 21:20:29 +0000"
    },
    "done": true
  },
  "pixelmon:recipes/pokeball/base/aluminum_base": {
    "criteria": {
      "has_ingot": "2024-07-28 21:20:29 +0000"
    },
    "done": true
  },
  "pixelmon:recipes/pokeball/base/silver_base": {
    "criteria": {
      "has_ingot": "2024-07-28 21:20:29 +0000"
    },
    "done": true
  },
  "pixelmon:pokedex/pokedex_trigger": {
    "criteria": {
      "pokedex_base": "2024-07-28 21:22:31 +0000"
    },
    "done": true
  },
  "pixelmon:recipes/pokeball/base/iron_base": {
    "criteria": {
      "has_ingot": "2024-07-28 21:20:29 +0000"
    },
    "done": true
  },
  "minecraft:adventure/adventuring_time": {
    "criteria": {
      "minecraft:dark_forest": "2024-07-28 21:20:28 +0000"
    },
    "done": false
  },
  "pixelmon:recipes/pokeball/base/platinum_base": {
    "criteria": {
      "has_ingot": "2024-07-28 21:20:29 +0000"
    },
    "done": true
  },
  "DataVersion": 2586
}